timestamp,open,high,low,close,volume
2019-09-23,209.55,209.55,209.55,209.55,0.01
2019-09-24,195.5,195.5,152.56,167.09,2224.36708
2019-09-25,166.84,174.15,163.18,170.0,181.60286
2019-09-26,169.95,170.77,153.07,166.69,545.4535
2019-09-27,166.34,175.54,161.44,173.69,630.91688
2019-09-28,174.14,175.05,168.43,172.84,158.67273
2019-09-29,173.92,173.92,165.02,169.46,1365.66487
2019-09-30,169.4,181.08,165.61,180.64,1462.69491
2019-10-01,180.43,185.59,173.45,175.66,1145.93635
2019-10-02,175.83,181.01,173.91,180.44,429.18857
2019-10-03,180.58,180.58,169.99,174.61,663.66412
2019-10-04,174.91,178.94,170.93,175.72,639.72813
2019-10-05,175.01,176.66,172.33,176.04,444.76459
2019-10-06,176.25,176.63,167.97,170.19,432.94126
2019-10-07,170.07,181.87,168.88,179.94,663.15443
2019-10-08,180.89,184.56,177.43,180.71,470.50028
2019-10-09,180.56,195.43,179.44,192.81,1125.24298
2019-10-10,192.82,194.18,187.03,191.12,643.14385
2019-10-11,191.58,196.42,179.64,180.58,2733.21683
2019-10-12,180.61,184.57,178.0,179.73,1852.2789
2019-10-13,179.32,184.37,178.55,181.05,2183.279
2019-10-14,180.8,187.47,180.49,186.73,2057.30732
2019-10-15,186.76,188.31,177.88,180.64,2603.38186
2019-10-16,180.48,181.15,172.29,174.56,2788.06167
2019-10-17,174.56,178.87,172.67,177.14,2420.30849
2019-10-18,177.3,177.37,168.64,172.79,2128.54381
2019-10-19,172.84,174.85,169.94,171.58,1777.62676
2019-10-20,171.86,176.39,169.38,175.15,1467.63899
2019-10-21,174.95,177.9,171.63,174.04,1628.36338
2019-10-22,173.9,174.94,170.28,171.28,2108.43858
2019-10-23,171.06,171.35,153.44,162.14,5100.69619
2019-10-24,162.32,163.05,158.8,160.33,6688.389
2019-10-25,160.29,187.37,160.29,181.37,3933.76907
2019-10-26,181.42,196.98,174.0,179.47,6012.15421
2019-10-27,179.57,188.52,176.24,183.88,5245.64149
2019-10-28,183.68,189.43,180.36,181.51,2860.96538
2019-10-29,181.65,192.72,181.34,190.52,2958.42192
2019-10-30,190.54,191.57,179.98,182.98,2489.72203
2019-10-31,183.27,185.2,177.79,182.43,2163.9368
2019-11-01,181.91,184.29,178.03,182.79,1018.5255
2019-11-02,183.15,185.49,181.76,182.86,384.27763
2019-11-03,183.0,184.59,179.08,181.35,311.23661
2019-11-04,181.68,188.43,180.42,185.8,430.41322
2019-11-05,185.71,191.77,183.0,188.7,717.54367
2019-11-06,188.58,194.14,187.9,191.26,542.3071
2019-11-07,190.91,191.92,185.05,186.9,447.92232
2019-11-08,186.76,188.18,181.72,183.61,863.1595
2019-11-09,183.62,185.63,182.75,184.87,295.34768
2019-11-10,184.7,191.32,183.47,189.1,942.54275
2019-11-11,189.12,190.03,184.19,184.83,594.11034
2019-11-12,184.48,187.39,182.8,186.89,755.24726
2019-11-13,187.06,189.52,185.34,187.89,501.02049
2019-11-14,188.54,188.56,183.38,184.88,759.95161
2019-11-15,184.92,186.69,177.97,180.09,894.75713
2019-11-16,179.99,183.41,179.28,182.36,301.17578
2019-11-17,182.48,185.81,180.22,183.75,746.57442
2019-11-18,183.68,183.93,175.09,178.27,896.14943
2019-11-19,178.08,178.48,173.0,175.98,667.46308
2019-11-20,175.96,177.41,173.5,174.67,385.37451
2019-11-21,174.44,175.72,157.29,160.95,1542.26599
2019-11-22,161.11,162.69,138.76,150.0,2095.77075
2019-11-23,149.85,154.18,146.21,151.7,408.04744
2019-11-24,152.5,152.57,138.76,140.13,419.34405
2019-11-25,139.79,151.39,131.57,145.78,1452.5796
2019-11-26,146.84,149.88,143.66,147.37,282.95957
2019-11-27,147.52,155.33,140.99,152.63,1037.60794
2019-11-28,153.25,154.47,149.16,150.72,472.12819
2019-11-29,150.57,156.91,150.24,154.28,393.12481
2019-11-30,154.14,155.22,149.88,151.55,442.06175
2019-12-01,150.76,152.38,145.93,150.9,561.55426
2019-12-02,151.12,151.25,146.84,148.7,641.55738
2019-12-03,148.92,149.82,145.74,147.06,744.79843
2019-12-04,147.17,151.89,143.48,145.44,921.68088
2019-12-05,145.58,148.89,143.89,147.56,890.55461
2019-12-06,148.23,149.4,146.06,148.49,337.45329
2019-12-07,148.34,149.29,146.99,147.21,171.18076
2019-12-08,147.0,151.52,146.35,150.39,385.42813
2019-12-09,150.47,151.04,146.77,147.42,411.5247
2019-12-10,147.28,148.25,143.91,145.62,486.60485
2019-12-11,145.51,146.27,142.33,143.4,383.07693
2019-12-12,143.52,145.82,139.27,144.88,304.79891
2019-12-13,145.16,145.27,143.05,144.71,491.84718
2019-12-14,144.83,145.07,141.32,141.8,296.8864
2019-12-15,141.88,143.81,139.97,142.43,431.25341
2019-12-16,142.3,142.41,130.17,132.58,2088.51785
2019-12-17,132.7,132.87,119.94,121.98,1000.33522
2019-12-18,122.09,134.21,116.39,132.69,1427.5393
2019-12-19,133.06,134.49,125.83,128.16,687.98806
2019-12-20,128.35,129.19,125.94,128.26,190.0135
2019-12-21,128.36,128.36,126.91,127.04,79.55353
2019-12-22,127.07,133.04,126.9,132.14,620.86477
2019-12-23,132.66,135.14,126.36,128.21,311.06964
2019-12-24,127.91,129.69,126.85,127.87,196.16299
2019-12-25,127.87,127.87,123.64,125.08,181.1896
2019-12-26,125.08,131.99,124.54,125.61,267.52029
2019-12-27,125.47,126.89,123.0,126.26,180.92747
2019-12-28,126.92,129.53,126.85,128.49,88.33989
2019-12-29,127.95,137.86,127.88,135.07,219.23223
2019-12-30,133.79,136.21,130.42,131.51,365.35289
2019-12-31,131.52,133.29,128.28,129.25,526.84437
2020-01-01,128.93,132.93,128.82,130.52,419.85641
2020-01-02,130.42,130.53,126.66,127.22,298.29122
2020-01-03,127.08,134.88,126.06,133.95,513.53291
2020-01-04,134.79,135.83,132.68,134.02,87.49993
2020-01-05,134.84,138.51,134.39,135.23,275.28558
2020-01-06,135.24,144.52,135.24,143.98,624.32469
2020-01-07,144.55,145.4,138.99,142.89,1476.11643
2020-01-08,142.94,147.78,137.55,140.89,710.02555
2020-01-09,140.51,141.36,135.63,138.08,510.43894
2020-01-10,137.71,144.85,135.59,144.32,1092.59512
2020-01-11,144.24,147.69,142.15,142.74,296.22261
2020-01-12,142.01,146.12,141.96,146.07,250.31463
2020-01-13,146.32,147.07,142.55,143.9,424.57906
2020-01-14,143.5,170.85,143.5,166.38,3495.88198
2020-01-15,165.44,171.75,159.41,165.91,1967.84328
2020-01-16,165.59,165.72,158.62,164.43,685.02791
2020-01-17,164.63,174.22,163.04,170.21,1701.68023
2020-01-18,170.01,179.0,165.28,174.19,1535.67838
2020-01-19,174.29,178.23,162.77,166.83,1746.77142
2020-01-20,167.14,169.0,161.56,166.85,775.89315
2020-01-21,166.9,170.08,165.12,169.19,1654.97278
2020-01-22,169.78,171.34,166.27,168.22,590.70276
2020-01-23,168.23,168.29,159.63,162.9,1216.70292
2020-01-24,163.13,164.52,155.7,162.34,433.32051
2020-01-25,161.78,162.44,157.91,160.63,744.22533
2020-01-26,160.26,168.0,159.62,167.85,434.89771
2020-01-27,168.34,172.01,165.93,170.28,1158.97031
2020-01-28,170.54,176.52,170.45,175.91,673.12846
2020-01-29,175.99,178.33,173.49,173.86,834.19123
2020-01-30,173.86,187.02,171.0,184.41,798.76881
2020-01-31,184.67,185.65,175.35,179.53,492.91024
2020-02-01,179.43,184.37,179.35,183.75,290.87676
2020-02-02,183.19,193.5,179.52,188.65,559.78512
2020-02-03,188.07,195.54,187.12,190.15,764.0057
2020-02-04,190.55,191.45,185.0,189.06,625.08286
2020-02-05,188.89,207.52,188.21,203.85,1082.64183
2020-02-06,203.9,216.18,201.0,213.28,1152.74338
2020-02-07,213.39,224.58,213.39,223.52,1269.86538
2020-02-08,223.53,227.74,213.67,223.44,911.28269
2020-02-09,223.69,230.74,223.35,228.16,552.12199
2020-02-10,229.09,229.22,216.68,223.3,367.23964
2020-02-11,223.03,238.68,218.42,237.19,894.37749
2020-02-12,237.03,275.26,237.03,265.53,1558.62421
2020-02-13,265.55,278.15,257.21,268.96,2820.67236
2020-02-14,268.96,287.2,260.85,285.68,1068.3735
2020-02-15,285.7,288.41,262.24,265.05,2263.09522
2020-02-16,264.84,273.58,237.53,259.15,2904.47391
2020-02-17,259.06,269.61,242.44,267.94,2220.66277
2020-02-18,268.39,285.69,259.21,282.08,2072.07273
2020-02-19,282.93,286.86,251.84,258.8,2751.43928
2020-02-20,257.85,264.13,246.04,257.81,2939.15436
2020-02-21,257.0,267.98,254.22,266.54,669.49191
2020-02-22,264.44,266.67,256.36,261.81,460.38273
2020-02-23,262.04,275.26,261.11,274.94,996.07438
2020-02-24,274.94,276.98,257.5,265.83,1533.77477
2020-02-25,265.92,266.2,244.64,246.36,1022.81352
2020-02-26,247.49,249.72,215.95,223.91,2046.43004
2020-02-27,223.28,238.21,210.07,227.26,3034.41462
2020-02-28,227.8,234.76,214.33,226.66,1914.29499
2020-02-29,228.68,232.92,216.95,216.95,605.28554
2020-03-01,218.92,226.54,212.89,218.0,847.41527
2020-03-02,218.0,234.25,216.31,231.49,1319.55097
2020-03-03,232.03,232.14,220.15,223.78,1171.48179
2020-03-04,223.77,228.58,220.35,224.21,1239.3893
2020-03-05,224.51,233.88,224.37,228.6,2466.55249
2020-03-06,228.05,245.3,227.71,245.3,2517.88507
2020-03-07,246.46,251.78,236.42,236.79,996.4258
2020-03-08,236.59,236.65,195.81,199.0,3861.77435
2020-03-09,199.81,208.28,190.05,202.94,2625.20342
2020-03-10,203.69,205.92,196.0,200.44,846.97272
2020-03-11,200.62,202.69,181.8,194.49,1650.75888
2020-03-12,195.12,250.0,101.0,108.65,13000.77513
2020-03-13,107.87,139.7,64.39,133.27,19549.31514
2020-03-14,134.27,134.63,121.41,122.3,1764.13337
2020-03-15,122.59,133.41,120.64,123.7,2463.03128
2020-03-16,123.21,123.83,101.95,110.4,5198.22665
2020-03-17,111.66,120.58,109.23,116.17,1513.23269
2020-03-18,115.3,118.2,110.47,117.95,895.99068
2020-03-19,119.13,142.71,115.98,136.75,1864.62545
2020-03-20,137.02,152.03,117.44,132.8,4890.83845
2020-03-21,132.33,137.21,126.15,132.4,3332.07633
2020-03-22,131.78,136.41,121.43,122.34,3354.95937
2020-03-23,121.69,136.15,119.41,135.97,2349.19963
2020-03-24,136.22,142.84,132.62,138.67,1431.65673
2020-03-25,137.76,142.18,132.7,136.27,785.72493
2020-03-26,136.37,139.51,133.87,138.36,1073.85174
2020-03-27,138.73,140.82,130.17,131.21,2572.57565
2020-03-28,131.2,132.3,125.08,131.03,3006.63862
2020-03-29,131.03,131.58,124.11,124.5,1102.66091
2020-03-30,124.28,135.08,124.28,132.05,1205.00498
2020-03-31,132.05,134.74,130.49,132.85,3971.60144
2020-04-01,132.85,136.7,128.71,135.67,4316.23326
2020-04-02,135.94,149.51,135.22,140.59,4724.36269
2020-04-03,141.58,146.49,138.05,141.3,1215.9177
2020-04-04,141.26,146.04,139.0,144.29,1055.1755
2020-04-05,144.29,145.26,140.96,143.02,878.41559
2020-04-06,143.01,170.24,143.01,170.24,2645.27634
2020-04-07,170.62,176.17,162.14,164.68,2523.59539
2020-04-08,164.68,173.46,163.72,172.86,2052.51745
2020-04-09,171.86,173.1,165.56,170.21,1649.83831
2020-04-10,169.2,169.88,152.26,157.4,4586.25262
2020-04-11,157.84,162.0,154.18,158.41,1024.98512
2020-04-12,158.65,164.88,155.2,158.72,1838.31293
2020-04-13,158.61,158.61,149.44,156.47,2020.94931
2020-04-14,156.66,162.14,155.55,157.5,1109.74947
2020-04-15,157.52,161.25,152.17,153.14,744.3466
2020-04-16,152.75,174.79,148.69,171.5,5130.15112
2020-04-17,172.94,174.51,168.71,171.06,1052.19269
2020-04-18,171.36,189.26,171.22,187.51,2547.49031
2020-04-19,188.0,188.04,176.21,179.73,1590.45702
2020-04-20,180.06,186.28,167.0,170.5,3312.88087
2020-04-21,170.67,174.36,168.35,170.51,874.00846
2020-04-22,170.5,184.06,170.08,182.84,3254.75538
2020-04-23,183.09,193.55,178.41,184.89,3766.24905
2020-04-24,185.98,189.67,185.5,187.45,800.06315
2020-04-25,187.34,198.09,186.03,194.23,1540.24789
2020-04-26,194.12,199.67,192.3,197.09,909.58284
2020-04-27,197.66,198.99,189.85,196.16,1191.24271
2020-04-28,196.32,197.52,192.92,196.44,329.50845
2020-04-29,196.38,220.45,196.38,215.27,3171.2335
2020-04-30,215.13,227.21,202.28,205.46,3411.3324
2020-05-01,207.05,217.24,206.76,212.36,2089.70932
2020-05-02,211.39,215.31,210.42,213.54,975.01221
2020-05-03,214.42,219.04,205.15,209.82,1083.14718
2020-05-04,209.73,210.29,195.2,206.65,2528.80188
2020-05-05,206.64,210.88,201.33,204.8,609.3047
2020-05-06,205.58,210.76,198.61,198.88,3721.34678
2020-05-07,197.84,215.0,197.12,212.68,3039.68944
2020-05-08,213.01,216.25,207.12,211.6,1747.73865
2020-05-09,210.96,214.5,208.68,211.55,827.87601
2020-05-10,210.0,210.0,174.43,188.27,4717.0433
2020-05-11,188.38,193.5,175.76,186.42,1150.25111
2020-05-12,185.94,192.06,185.94,189.9,1059.28619
2020-05-13,190.0,201.19,188.72,199.12,1214.63292
2020-05-14,200.1,205.97,196.06,203.1,2679.64221
2020-05-15,203.48,204.15,191.2,194.23,1128.60577
2020-05-16,193.41,203.27,193.41,200.51,719.27945
2020-05-17,200.38,209.99,199.94,207.74,2852.56746
2020-05-18,208.35,217.01,208.03,214.49,1650.34598
2020-05-19,214.17,215.82,209.49,214.51,690.97826
2020-05-20,214.46,215.6,205.96,210.0,1739.6047
2020-05-21,210.0,211.5,191.84,198.52,1030.64306
2020-05-22,198.0,209.0,196.6,207.48,585.34662
2020-05-23,207.66,211.25,204.59,206.48,2884.78266
2020-05-24,206.68,210.63,199.58,199.59,3403.36951
2020-05-25,199.65,205.64,198.23,204.28,977.83222
2020-05-26,204.05,204.75,197.0,200.68,558.05296
2020-05-27,201.17,208.29,201.17,207.79,1871.2304
2020-05-28,208.03,220.4,204.85,219.85,1086.49771
2020-05-29,220.76,224.51,218.0,220.43,1327.91669
2020-05-30,220.43,246.85,218.99,243.53,3113.35864
2020-05-31,243.73,245.11,230.08,231.92,2243.54513
2020-06-01,231.67,250.59,230.75,248.0,2143.07545
2020-06-02,248.5,253.47,226.0,237.91,3024.12501
2020-06-03,237.17,245.0,233.75,244.6,790.62301
2020-06-04,244.78,246.5,236.27,243.56,729.28735
2020-06-05,242.5,247.82,239.47,240.06,666.36568
2020-06-06,239.83,244.22,238.06,242.32,622.62104
2020-06-07,241.3,244.89,234.81,244.6,3692.93967
2020-06-08,244.92,247.46,241.16,246.75,784.66995
2020-06-09,246.97,249.48,237.96,243.81,948.75632
2020-06-10,243.57,250.2,241.57,247.74,1231.52079
2020-06-11,247.89,249.85,226.02,230.27,2590.25444
2020-06-12,230.1,238.76,229.0,237.3,1012.93367
2020-06-13,237.66,238.73,234.61,238.22,244.33193
2020-06-14,238.22,238.22,230.47,231.81,382.8474
2020-06-15,231.27,233.24,218.5,230.52,1033.00326
2020-06-16,230.78,235.95,228.87,234.91,481.28345
2020-06-17,234.86,236.74,228.77,234.18,659.47327
2020-06-18,233.89,234.48,227.91,231.52,388.38015
2020-06-19,231.22,231.9,226.47,228.79,471.00207
2020-06-20,229.12,230.47,225.72,228.97,708.07045
2020-06-21,229.43,231.62,227.36,227.76,424.95041
2020-06-22,227.54,246.51,227.54,243.1,2005.61285
2020-06-23,243.83,244.86,240.86,242.93,220.56782
2020-06-24,243.02,249.66,231.48,234.5,2150.20899
2020-06-25,234.57,235.29,227.71,232.46,585.73119
2020-06-26,232.16,233.41,227.8,230.27,701.54472
2020-06-27,229.14,231.31,215.72,220.89,595.85352
2020-06-28,219.81,227.91,218.39,224.89,426.55445
2020-06-29,224.73,229.93,221.37,227.88,584.19812
2020-06-30,228.7,228.76,223.12,225.98,268.71509
2020-07-01,225.51,232.38,224.19,231.06,1812.85132
2020-07-02,231.28,231.81,222.84,226.46,1862.23477
2020-07-03,226.06,228.23,224.45,225.21,384.68603
2020-07-04,224.6,230.47,224.59,228.59,326.49055
2020-07-05,229.19,229.86,223.31,228.06,2518.93379
2020-07-06,227.87,241.76,226.86,241.66,2060.61293
2020-07-07,241.41,243.5,234.73,238.7,404.0706
2020-07-08,238.39,248.67,238.33,247.02,1097.46962
2020-07-09,246.8,247.58,237.0,241.89,633.62036
2020-07-10,241.0,241.64,236.46,241.13,1590.89892
2020-07-11,241.28,242.1,237.69,239.09,782.35434
2020-07-12,239.83,243.83,236.59,242.5,691.31646
2020-07-13,242.92,245.16,237.56,239.54,3442.76824
2020-07-14,239.52,242.38,237.06,240.58,1769.79237
2020-07-15,240.91,241.21,237.15,238.73,1822.08772
2020-07-16,238.73,239.43,230.06,233.79,508.66848
2020-07-17,233.22,234.67,231.9,232.78,269.2389
2020-07-18,232.53,236.77,232.44,235.99,478.61053
2020-07-19,235.7,239.82,233.44,239.19,910.86238
2020-07-20,239.66,240.08,234.46,236.12,3077.73603
2020-07-21,235.77,246.69,234.4,245.68,1973.55113
2020-07-22,245.6,269.35,242.0,263.55,1173.23675
2020-07-23,264.45,279.55,259.54,275.59,4011.06966
2020-07-24,275.59,287.48,268.05,279.72,2931.29608
2020-07-25,279.72,308.84,279.57,304.99,6184.31999
2020-07-26,305.16,320.36,300.45,310.55,3936.30345
2020-07-27,311.89,333.21,311.3,322.02,6751.33453
2020-07-28,322.88,326.8,306.17,316.92,2867.11998
2020-07-29,317.39,324.7,313.02,317.6,1290.60915
2020-07-30,317.8,341.75,314.46,334.84,2316.33989
2020-07-31,335.35,349.71,328.85,346.66,2651.06143
2020-08-01,346.53,392.73,343.77,387.33,6978.57591
2020-08-02,388.08,415.93,305.47,371.92,5568.60054
2020-08-03,373.34,397.81,366.89,386.7,2360.33674
2020-08-04,385.85,403.15,380.95,389.3,1131.41125
2020-08-05,390.62,407.16,385.0,400.79,2583.07573
2020-08-06,400.31,403.54,390.97,394.55,1225.38586
2020-08-07,394.98,398.4,376.81,379.55,899.08293
2020-08-08,377.97,396.86,376.04,396.86,1731.44364
2020-08-09,396.88,400.13,384.1,389.83,679.72267
2020-08-10,392.22,398.74,385.56,395.94,867.42087
2020-08-11,396.63,398.74,367.2,379.13,2352.28492
2020-08-12,379.14,389.19,366.27,387.39,743.61324
2020-08-13,386.28,431.29,377.12,423.14,3306.49576
2020-08-14,424.72,444.0,417.6,437.01,4990.1068
2020-08-15,438.82,442.64,426.87,432.35,1186.93187
2020-08-16,432.31,436.25,412.87,434.0,1203.74347
2020-08-17,434.19,446.0,420.87,429.49,2702.62621
2020-08-18,430.25,433.69,415.12,421.81,2368.35623
2020-08-19,422.13,426.0,393.65,407.44,1282.33803
2020-08-20,408.85,419.06,402.16,415.72,708.82479
2020-08-21,415.86,418.63,385.07,386.69,1633.06599
2020-08-22,386.9,396.75,380.08,395.85,893.13687
2020-08-23,395.87,396.78,383.84,390.7,688.27216
2020-08-24,391.29,409.95,387.58,408.47,795.61412
2020-08-25,407.72,408.53,370.1,383.84,1424.60361
2020-08-26,382.61,392.88,377.62,385.74,1718.15262
2020-08-27,385.35,396.89,371.85,382.87,1178.85024
2020-08-28,383.39,397.96,380.31,394.95,589.93015
2020-08-29,395.43,405.53,392.23,399.09,1830.32077
2020-08-30,398.74,429.58,398.2,429.02,908.72403
2020-08-31,429.59,438.72,418.34,433.95,1972.48193
2020-09-01,434.26,488.48,429.59,475.24,1771.07488
2020-09-02,475.19,481.11,419.61,439.61,4956.50396
2020-09-03,439.81,450.5,371.83,382.02,5445.94555
2020-09-04,382.02,399.67,359.01,385.61,3952.47537
2020-09-05,385.61,394.98,310.0,335.06,7721.91303
2020-09-06,335.47,359.8,317.07,352.88,4561.85353
2020-09-07,352.14,358.16,323.55,353.6,3877.33263
2020-09-08,353.9,356.43,325.56,336.93,2558.55917
2020-09-09,336.89,358.32,330.83,350.87,1703.88572
2020-09-10,350.55,377.0,350.35,367.49,3651.21752
2020-09-11,367.66,374.92,355.77,373.82,1474.3394
2020-09-12,374.3,388.11,365.5,388.11,1956.16023
2020-09-13,387.85,390.03,352.68,365.9,4445.66702
2020-09-14,365.01,384.46,355.96,376.41,2022.33147
2020-09-15,377.48,381.95,362.63,364.2,1272.64003
2020-09-16,363.75,372.46,355.31,365.23,624.37191
2020-09-17,364.58,394.14,363.7,388.39,3179.1084
2020-09-18,389.44,392.37,375.71,383.44,1012.25839
2020-09-19,384.19,387.95,376.93,385.52,458.38101
2020-09-20,385.26,385.26,364.95,371.08,1685.58119
2020-09-21,370.29,376.49,330.92,340.01,1448.53818
2020-09-22,340.88,347.13,335.97,343.97,935.34409
2020-09-23,344.32,344.43,313.61,320.59,1609.69018
2020-09-24,320.59,353.2,316.91,348.62,1220.78228
2020-09-25,348.75,357.94,337.6,351.04,1125.84634
2020-09-26,351.46,356.16,346.15,353.69,687.84869
2020-09-27,354.35,362.08,347.93,357.85,598.83068
2020-09-28,358.11,368.18,352.45,354.05,1770.8724
2020-09-29,353.21,360.52,350.51,359.28,1597.26725
2020-09-30,359.73,361.52,352.08,359.77,409.26025
2020-10-01,359.77,368.92,345.86,352.53,2861.519
2020-10-02,352.02,353.88,334.61,345.38,832.31268
2020-10-03,344.87,350.64,343.85,345.84,378.33076
2020-10-04,345.14,353.98,344.1,352.64,698.15925
2020-10-05,353.52,355.81,349.0,353.41,323.62212
2020-10-06,354.0,354.93,337.1,340.24,2574.73862
2020-10-07,340.56,342.58,333.51,341.21,500.93076
2020-10-08,341.78,353.11,334.42,350.84,1879.22431
2020-10-09,350.71,368.15,347.5,365.87,621.6619
2020-10-10,365.21,378.13,364.39,370.24,1075.27541
2020-10-11,370.81,377.43,369.0,373.28,494.563
2020-10-12,373.86,394.41,366.03,386.62,1073.40111
2020-10-13,386.66,387.45,374.98,380.86,772.50366
2020-10-14,381.25,387.14,373.67,379.45,1276.36779
2020-10-15,378.73,380.91,370.01,376.86,709.99084
2020-10-16,377.48,380.01,360.84,365.27,2693.94458
2020-10-17,365.45,370.0,363.55,368.66,379.08219
2020-10-18,367.96,378.55,367.4,378.55,1312.27231
2020-10-19,378.6,383.82,373.23,379.05,549.16663
2020-10-20,378.37,380.43,365.87,368.27,1605.45805
2020-10-21,368.7,400.8,367.88,391.34,2774.94396
2020-10-22,391.83,420.25,391.76,414.29,1193.68268
2020-10-23,412.19,419.37,401.8,408.13,780.8141
2020-10-24,409.55,416.24,407.51,412.17,457.11073
2020-10-25,411.77,417.17,402.0,405.98,716.34889
2020-10-26,405.78,411.15,382.62,393.39,1770.98367
2020-10-27,392.46,409.91,390.59,403.3,1432.91187
2020-10-28,403.04,408.98,380.85,388.68,1824.47781
2020-10-29,388.0,393.48,380.62,386.81,629.31635
2020-10-30,387.42,391.65,373.6,383.32,1543.29431
2020-10-31,382.43,393.84,380.47,386.8,2025.8177
2020-11-01,385.07,397.45,385.0,396.09,1387.71897
2020-11-02,396.85,404.04,377.97,383.01,4062.81574
2020-11-03,382.86,390.1,370.4,387.9,1991.65008
2020-11-04,387.94,408.39,376.96,402.07,3841.35488
2020-11-05,402.54,420.38,397.05,416.2,3836.9351
2020-11-06,417.12,457.79,414.95,455.89,3440.99544
2020-11-07,455.33,468.09,425.42,435.13,2279.09747
2020-11-08,434.84,459.17,432.24,454.8,807.50287
2020-11-09,454.48,458.92,433.73,445.33,1483.95299
2020-11-10,444.54,454.81,439.14,450.18,809.92712
2020-11-11,450.83,475.71,450.21,463.44,1314.46958
2020-11-12,463.24,469.66,452.22,462.22,1177.91799
2020-11-13,462.81,477.83,457.18,476.92,1321.20974
2020-11-14,476.93,476.93,452.73,462.0,613.61147
2020-11-15,460.57,462.68,27.0,448.15,3205.95039
2020-11-16,447.5,465.72,445.93,461.09,1447.64534
2020-11-17,461.74,484.72,461.74,482.23,1771.11724
2020-11-18,483.64,497.26,458.01,478.91,3710.66599
2020-11-19,478.63,480.5,465.22,470.99,865.91071
2020-11-20,471.19,513.88,470.81,510.0,2325.41459
2020-11-21,510.37,553.07,503.26,552.21,2971.51747
2020-11-22,552.99,580.54,511.98,560.19,4394.34675
2020-11-23,561.37,610.51,550.44,609.36,4022.34421
2020-11-24,609.12,622.17,588.76,604.7,4537.17322
2020-11-25,605.79,605.85,554.35,570.96,2583.36659
2020-11-26,569.04,576.54,482.46,518.28,9632.47989
2020-11-27,520.0,530.6,494.25,517.96,2644.48429
2020-11-28,518.47,547.77,506.9,537.6,1923.95644
2020-11-29,537.47,576.74,530.93,575.84,2369.91522
2020-11-30,576.63,616.36,570.73,616.36,4871.1103
2020-12-01,616.66,635.62,562.01,585.43,7946.7266
2020-12-02,584.58,604.64,574.76,597.16,3291.75071
2020-12-03,597.0,623.33,586.14,616.11,2261.74159
2020-12-04,615.41,619.86,566.01,567.38,3777.64698
2020-12-05,566.99,597.0,561.03,597.0,1112.28317
2020-12-06,597.09,607.65,583.13,601.79,2168.73324
2020-12-07,602.16,602.75,583.23,591.1,2510.12219
2020-12-08,590.59,594.9,549.45,555.03,2633.44904
2020-12-09,554.57,578.0,530.9,573.33,3946.482
2020-12-10,572.99,575.65,548.11,558.72,2135.95169
2020-12-11,559.35,560.32,535.18,544.15,2602.59742
2020-12-12,544.32,573.84,543.83,567.67,1987.05132
2020-12-13,567.92,595.04,563.58,590.87,3139.86575
2020-12-14,591.06,591.42,575.85,586.51,1700.87186
2020-12-15,586.55,597.28,579.43,589.34,2305.12822
2020-12-16,588.56,638.47,581.0,637.49,5050.74326
2020-12-17,637.33,675.89,626.94,643.85,10329.54198
2020-12-18,643.31,664.42,630.0,653.67,5797.85418
2020-12-19,654.4,670.07,645.71,658.44,2326.09972
2020-12-20,657.19,661.0,621.49,638.45,2954.75495
2020-12-21,637.1,647.99,596.48,608.45,4849.8372
2020-12-22,608.44,637.54,588.58,636.67,5667.35964
2020-12-23,637.1,642.48,552.09,585.41,5736.3751
2020-12-24,585.71,615.0,565.82,612.68,5476.94501
2020-12-25,612.83,650.0,605.0,626.46,7022.69887
2020-12-26,627.75,652.88,615.58,637.57,6076.16224
2020-12-27,637.57,717.52,625.61,684.51,11413.09875
2020-12-28,685.6,748.02,682.0,729.94,7546.78864
2020-12-29,729.86,740.55,689.1,732.0,5689.50091
2020-12-30,732.21,758.92,717.69,751.73,4005.16756
2020-12-31,752.43,755.54,721.86,736.24,4876.06264
2021-01-01,737.61,749.11,715.62,728.52,3084.3785
2021-01-02,729.46,787.22,715.34,774.56,8325.47357
2021-01-03,774.6,1010.82,768.74,978.14,19330.21676
2021-01-04,978.03,1160.8,881.58,1042.1,26998.69336
2021-01-05,1043.81,1133.8,970.0,1100.22,18624.18143
2021-01-06,1100.0,1212.65,1057.98,1208.58,17559.80908
2021-01-07,1209.53,1289.11,1150.0,1224.2,12133.83692
2021-01-08,1226.69,1272.88,1065.17,1216.5,19566.18845
2021-01-09,1216.89,1302.86,1172.69,1275.48,10254.4139
2021-01-10,1277.05,1348.22,1147.1,1254.69,12534.01472
2021-01-11,1254.71,1259.68,800.0,1089.17,26350.66766
2021-01-12,1086.38,1148.86,1011.0,1050.42,16189.11647
2021-01-13,1049.82,1137.21,988.1,1128.81,15999.41894
2021-01-14,1131.58,1247.34,1086.0,1232.14,12574.4765
2021-01-15,1232.47,1255.37,1072.08,1172.01,17127.19994
2021-01-16,1172.01,1292.88,1151.79,1227.63,9344.46971
2021-01-17,1226.87,1269.6,1167.61,1232.87,8459.77435
2021-01-18,1232.87,1260.4,1183.33,1258.61,8096.07486
2021-01-19,1259.08,1439.33,1253.42,1368.78,18915.27917
2021-01-20,1365.82,1407.86,1235.53,1376.38,14649.61596
2021-01-21,1377.37,1388.17,1084.85,1111.51,13850.20973
2021-01-22,1111.85,1273.19,1043.09,1233.5,11501.14657
2021-01-23,1232.44,1272.53,1197.11,1232.81,4350.24424
2021-01-24,1233.49,1399.0,1220.0,1391.15,5805.04273
2021-01-25,1393.2,1474.64,1294.12,1318.62,14715.11642
2021-01-26,1316.67,1378.37,1245.35,1366.81,14260.8637
2021-01-27,1366.23,1373.73,1207.98,1237.28,8378.5525
2021-01-28,1237.28,1360.86,1217.97,1328.34,6465.2553
2021-01-29,1329.95,1436.42,1286.11,1378.9,17474.14258
2021-01-30,1378.45,1406.4,1327.01,1376.49,5388.83326
2021-01-31,1378.56,1379.48,1281.22,1313.57,3712.42284
2021-02-01,1312.35,1378.24,1270.0,1373.34,2794.097
2021-02-02,1374.99,1547.82,1360.1,1512.13,9322.60357
2021-02-03,1512.26,1668.65,1509.29,1664.81,7568.99228
2021-02-04,1666.76,1695.0,1556.78,1596.35,9140.39564
2021-02-05,1596.34,1760.69,1592.27,1720.87,5266.4374
2021-02-06,1719.92,1743.97,1644.99,1678.84,3132.49235
2021-02-07,1679.18,1692.09,1491.88,1614.93,4148.48929
2021-02-08,1611.58,1775.77,1563.59,1750.06,4595.22839
2021-02-09,1749.96,1821.52,1710.52,1771.5,4171.46145
2021-02-10,1772.16,1836.06,1650.0,1741.85,4133.57861
2021-02-11,1741.64,1817.59,1703.7,1785.77,2763.5868
2021-02-12,1788.77,1863.91,1740.96,1840.56,3022.76802
2021-02-13,1841.18,1872.2,1762.82,1816.41,2221.01758
2021-02-14,1817.26,1850.0,1785.59,1800.0,1752.27348
2021-02-15,1800.5,1835.48,1657.5,1783.28,4810.54714
2021-02-16,1779.28,1826.69,1724.03,1780.44,3818.69307
2021-02-17,1784.4,1854.28,1733.4,1848.94,3128.9528
2021-02-18,1850.84,1950.9,1850.84,1940.95,3207.41979
2021-02-19,1942.09,1972.91,1892.09,1956.13,6682.2845
2021-02-20,1956.13,2040.79,1804.38,1914.69,5251.36661
2021-02-21,1910.96,1976.0,1884.53,1933.91,4397.00703
2021-02-22,1933.91,1936.18,1530.59,1777.54,11529.07634
2021-02-23,1777.54,1782.46,1357.03,1577.92,16245.14593
2021-02-24,1579.26,1711.73,1502.81,1624.95,6179.07491
2021-02-25,1623.2,1670.19,1459.27,1480.83,3292.06202
2021-02-26,1482.7,1561.74,1401.0,1441.77,5365.48627
2021-02-27,1446.48,1528.38,1425.71,1457.62,3792.4136
2021-02-28,1455.35,1466.57,1293.47,1419.49,7282.23125
2021-03-01,1420.49,1571.41,1410.56,1569.36,4032.56546
2021-03-02,1570.89,1604.41,1455.98,1485.47,3825.75527
2021-03-03,1484.99,1655.09,1477.31,1567.9,5513.08006
2021-03-04,1567.79,1624.6,1502.68,1539.41,6154.40656
2021-03-05,1535.44,1549.53,1442.1,1527.89,10414.79175
2021-03-06,1529.36,1671.71,1514.5,1650.0,9629.42169
2021-03-07,1652.69,1734.64,1631.57,1728.27,8633.01598
2021-03-08,1730.05,1841.69,1665.94,1834.61,8470.97626
2021-03-09,1834.61,1870.82,1800.9,1870.82,13838.62044
2021-03-10,1871.68,1919.63,1744.86,1799.03,15643.87305
2021-03-11,1795.89,1865.0,1725.12,1826.07,7933.37631
2021-03-12,1826.87,1841.43,1721.01,1765.33,12321.56498
2021-03-13,1767.3,1949.41,1729.48,1921.42,4338.44135
2021-03-14,1921.39,1933.09,1836.96,1854.21,2622.01071
2021-03-15,1849.85,1890.68,1733.56,1794.0,4290.09446
2021-03-16,1793.94,1817.98,1712.68,1806.6,3866.30424
2021-03-17,1805.59,1838.67,1742.25,1822.88,3496.01226
2021-03-18,1825.0,1849.77,1759.83,1775.42,3580.38675
2021-03-19,1776.39,1839.68,1734.64,1808.62,2102.0392
2021-03-20,1810.05,1868.63,1801.29,1802.94,1420.08634
2021-03-21,1806.89,1816.85,1745.64,1781.59,1583.19886
2021-03-22,1784.59,1807.25,1655.59,1682.97,2723.73052
2021-03-23,1680.81,1721.44,1652.17,1669.66,2121.15703
2021-03-24,1671.13,1740.42,1543.73,1584.26,3333.51938
2021-03-25,1582.98,1622.63,1549.12,1589.14,2771.41195
2021-03-26,1589.63,1700.03,1589.63,1699.29,2654.60681
2021-03-27,1699.29,1732.92,1665.85,1713.45,1860.77438
2021-03-28,1715.04,1725.03,1661.28,1689.09,1843.79618
2021-03-29,1686.32,1840.71,1678.1,1816.97,2803.3966
2021-03-30,1816.67,1859.03,1787.88,1840.84,2070.00086
2021-03-31,1840.98,1946.6,1771.09,1916.27,3372.65137
2021-04-01,1920.93,1984.58,1885.19,1967.55,4001.48604
2021-04-02,1967.64,2145.24,1948.82,2135.37,5598.31698
2021-04-03,2135.37,2138.79,2001.93,2010.35,6929.18576
2021-04-04,2008.7,2092.75,1976.47,2076.94,3627.79751
2021-04-05,2075.04,2132.46,2002.45,2108.11,3980.78079
2021-04-06,2108.71,2151.17,2046.07,2111.75,3899.70081
2021-04-07,2113.98,2129.08,1931.82,1964.8,5986.36911
2021-04-08,1963.61,2084.28,1948.32,2079.7,2760.3006
2021-04-09,2080.42,2100.59,2048.98,2067.63,1585.83105
2021-04-10,2067.35,2198.51,2058.35,2134.03,2797.01228
2021-04-11,2137.57,2164.42,1521.6,2150.18,2513.27177
2021-04-12,2150.82,2201.46,2103.16,2137.27,3757.16513
2021-04-13,2138.75,2317.38,2137.02,2299.51,4957.72014
2021-04-14,2301.82,2447.56,2281.89,2431.93,7993.87073
2021-04-15,2435.4,2543.18,2399.66,2513.89,5129.20316
2021-04-16,2514.27,2547.2,2300.79,2424.38,10038.56221
2021-04-17,2426.37,2495.78,2313.75,2318.52,5361.0102
2021-04-18,2317.82,2339.27,1902.84,2235.73,14721.5096
2021-04-19,2237.42,2277.75,2079.2,2160.5,7823.89473
2021-04-20,2162.94,2346.0,2052.14,2330.39,10391.6337
2021-04-21,2330.92,2468.62,2236.6,2356.67,9550.03695
2021-04-22,2358.39,2644.69,2250.0,2398.49,19255.42312
2021-04-23,2397.78,2442.66,2100.0,2364.93,25396.72448
2021-04-24,2365.91,2365.91,2157.26,2214.89,9697.25314
2021-04-25,2214.52,2356.49,2164.87,2319.93,10756.44906
2021-04-26,2319.98,2543.0,2304.51,2533.71,9826.53218
2021-04-27,2533.71,2679.54,2481.11,2666.17,6311.18081
2021-04-28,2666.17,2759.51,2560.59,2747.44,9367.78294
2021-04-29,2749.64,2798.0,2668.5,2757.5,6802.13877
2021-04-30,2757.49,2797.49,2725.1,2773.94,4497.65251
2021-05-01,2773.37,2954.43,2754.42,2945.37,6301.24992
2021-05-02,2945.58,2984.73,2853.87,2950.16,4472.49554
2021-05-03,2950.8,3454.24,2950.66,3429.21,12413.43062
2021-05-04,3434.81,3526.71,3160.14,3239.69,23163.51404
2021-05-05,3239.42,3546.0,3210.0,3523.55,13488.97396
2021-05-06,3525.64,3606.29,3376.93,3490.59,10809.45207
2021-05-07,3493.72,3586.95,3353.76,3479.39,7038.52464
2021-05-08,3484.86,3963.89,3450.9,3910.01,8609.36426
2021-05-09,3910.78,3982.99,3729.65,3924.21,10542.13064
2021-05-10,3926.89,4205.53,3601.0,3948.34,14775.34146
2021-05-11,3944.14,4179.15,3772.68,4169.87,10318.01206
2021-05-12,4174.34,4375.04,3735.31,3821.67,15809.90948
2021-05-13,3811.71,4034.34,3452.1,3718.01,19526.78498
2021-05-14,3718.32,4174.29,3693.12,4074.03,9974.75377
2021-05-15,4075.27,4133.3,3633.21,3645.95,8501.51732
2021-05-16,3647.15,3879.0,3100.0,3582.24,12903.60069
2021-05-17,3582.48,3587.1,3118.98,3282.28,16342.09326
2021-05-18,3282.35,3563.42,3241.14,3374.97,11207.37939
2021-05-19,3374.76,3441.16,1900.0,2436.58,30623.62552
2021-05-20,2437.18,3000.0,2150.0,2767.44,25782.42626
2021-05-21,2767.17,2937.68,2100.0,2430.4,23509.17417
2021-05-22,2431.34,2484.96,2153.5,2294.51,21816.07794
2021-05-23,2296.05,2380.75,1730.5,2096.32,28990.51321
2021-05-24,2096.32,2675.14,2080.0,2647.68,18040.10746
2021-05-25,2647.71,2749.76,2380.69,2704.51,19005.82794
2021-05-26,2705.52,2909.97,2643.02,2885.41,14126.89676
2021-05-27,2884.78,2889.26,2634.66,2741.7,8544.21733
2021-05-28,2741.44,2760.73,2328.22,2411.9,12321.95757
2021-05-29,2411.35,2574.02,2206.31,2278.27,12220.69015
2021-05-30,2278.34,2477.03,2177.92,2386.47,9900.96432
2021-05-31,2384.55,2719.99,2272.51,2704.95,11160.163
2021-06-01,2704.97,2739.3,2527.0,2634.49,11255.81269
2021-06-02,2634.64,2802.93,2551.66,2706.86,6655.14936
2021-06-03,2703.3,2891.5,2662.94,2855.8,7007.0061
2021-06-04,2857.01,2859.64,2546.0,2687.84,8277.24865
2021-06-05,2690.52,2816.52,2552.27,2628.89,7686.21136
2021-06-06,2622.3,2743.66,2613.49,2711.42,4871.6764
2021-06-07,2711.65,2847.21,2570.0,2594.57,8441.3263
2021-06-08,2590.47,2620.07,2308.52,2507.53,11529.12136
2021-06-09,2507.53,2625.47,2406.61,2609.71,10123.52855
2021-06-10,2610.7,2623.45,2426.57,2470.39,6349.12663
2021-06-11,2470.42,2497.08,2321.42,2353.25,5727.52661
2021-06-12,2355.46,2453.24,2250.0,2368.54,6579.22322
2021-06-13,2370.37,2550.01,2308.64,2508.43,7551.5183
2021-06-14,2510.57,2608.46,2458.95,2581.26,5267.37475
2021-06-15,2580.46,2639.88,2507.94,2543.72,4354.80467
2021-06-16,2542.01,2556.27,2350.33,2368.38,5985.19119
2021-06-17,2367.17,2460.0,2300.0,2373.14,5779.7195
2021-06-18,2369.74,2379.38,2138.76,2226.33,8409.2971
2021-06-19,2233.4,2277.92,2162.08,2164.81,5370.95624
2021-06-20,2164.09,2277.06,2041.37,2242.41,7944.96618
2021-06-21,2244.54,2259.7,1865.59,1891.86,25047.32255
2021-06-22,1887.14,1997.42,1700.51,1878.64,21416.83509
2021-06-23,1878.77,2043.5,1823.41,1968.04,12612.13554
2021-06-24,1969.77,2035.78,1885.23,1987.68,6232.69322
2021-06-25,1990.56,2020.24,1791.37,1810.18,11706.31915
2021-06-26,1809.46,1852.06,1718.0,1828.69,10266.34832
2021-06-27,1831.4,1984.9,1807.14,1983.0,6181.65537
2021-06-28,1983.02,2144.95,1961.26,2082.31,10333.69844
2021-06-29,2083.3,2244.36,2074.01,2163.87,7143.01018
2021-06-30,2164.65,2287.25,2088.68,2275.13,10389.72841
2021-07-01,2276.42,2276.42,2072.92,2106.46,9316.42831
2021-07-02,2108.29,2159.09,2018.93,2154.88,8374.30976
2021-07-03,2154.97,2239.2,2112.72,2227.18,4795.17273
2021-07-04,2227.74,2389.47,2189.4,2323.19,5939.92059
2021-07-05,2321.32,2324.37,2158.56,2195.96,8020.60775
2021-07-06,2197.18,2350.0,2192.66,2325.17,5865.69591
2021-07-07,2322.26,2409.55,2293.49,2315.39,3782.51905
2021-07-08,2314.08,2324.45,2085.63,2113.84,5983.01622
2021-07-09,2114.1,2189.23,2047.93,2146.79,5395.76942
2021-07-10,2148.04,2191.45,2074.41,2110.65,3565.4069
2021-07-11,2111.49,2173.41,2080.92,2139.38,2013.73492
2021-07-12,2139.23,2168.05,2007.95,2032.37,3951.09755
2021-07-13,2032.16,2046.55,1918.3,1940.79,5270.43446
2021-07-14,1942.58,2019.06,1864.0,1994.32,5048.8549
2021-07-15,1995.67,2039.84,1882.0,1916.17,5408.92616
2021-07-16,1919.16,1965.44,1850.0,1876.4,5840.62907
2021-07-17,1875.5,1919.63,1845.2,1898.24,2754.88493
2021-07-18,1899.16,1994.52,1878.22,1891.11,3746.50337
2021-07-19,1890.0,1919.7,1805.0,1817.08,3951.7159
2021-07-20,1819.1,1840.78,1718.8,1786.82,5174.02161
2021-07-21,1787.35,2032.86,1753.5,1995.44,8735.64762
2021-07-22,1995.69,2046.15,1947.8,2024.7,6633.23782
2021-07-23,2025.93,2130.87,1995.46,2123.55,5686.61991
2021-07-24,2125.81,2198.47,2106.02,2184.89,5777.71185
2021-07-25,2185.84,2196.26,2106.86,2189.09,4027.13875
2021-07-26,2190.68,2430.83,2171.38,2228.09,23637.4262
2021-07-27,2228.09,2320.73,2150.98,2302.82,18231.188
2021-07-28,2299.9,2345.41,2243.83,2300.21,14552.73849
2021-07-29,2300.58,2400.24,2266.15,2383.03,10211.51733
2021-07-30,2382.98,2471.05,2316.16,2460.32,15853.37458
2021-07-31,2461.5,2553.2,2420.36,2531.01,10532.33931
2021-08-01,2531.88,2697.43,2511.64,2556.79,19417.48872
2021-08-02,2555.98,2665.76,2506.26,2606.52,17807.44575
2021-08-03,2606.55,2632.67,2444.4,2508.57,19093.52889
2021-08-04,2508.74,2770.51,2458.23,2725.62,23251.37242
2021-08-05,2725.39,2843.78,2526.07,2828.03,34393.01214
2021-08-06,2828.0,2947.33,2720.38,2892.29,12077.55434
2021-08-07,2892.86,3171.0,2865.0,3159.75,16384.35952
2021-08-08,3161.32,3190.0,2945.9,3012.65,14751.69797
2021-08-09,3011.38,3186.86,2890.62,3162.73,13806.00304
2021-08-10,3162.58,3232.49,3051.96,3141.93,10725.47762
2021-08-11,3141.14,3274.08,3120.49,3161.22,9875.57228
2021-08-12,3160.33,3238.59,2979.58,3044.39,10621.85575
2021-08-13,3048.07,3328.22,3034.59,3322.03,8890.01514
2021-08-14,3325.22,3330.73,3204.98,3264.34,6460.56791
2021-08-15,3267.97,3320.0,3110.0,3307.77,6592.6582
2021-08-16,3309.7,3335.24,3135.57,3147.74,7982.62821
2021-08-17,3146.06,3291.47,2992.12,3012.18,11168.56414
2021-08-18,3012.18,3125.66,2951.0,3013.49,7746.89592
2021-08-19,3013.35,3187.82,2959.35,3185.07,7099.58993
2021-08-20,3185.49,3301.25,3178.67,3284.43,6009.01296
2021-08-21,3285.19,3308.98,3206.67,3224.89,3731.77631
2021-08-22,3223.2,3272.18,3127.11,3241.0,4197.04466
2021-08-23,3239.1,3377.02,3230.65,3323.96,5968.36379
2021-08-24,3320.68,3358.05,3149.14,3170.72,5781.29279
2021-08-25,3169.39,3248.01,3080.17,3227.72,5255.88822
2021-08-26,3226.75,3250.42,3052.06,3092.97,6058.94899
2021-08-27,3094.31,3280.88,3060.67,3275.46,4945.80803
2021-08-28,3274.38,3284.84,3208.69,3243.82,2304.4955
2021-08-29,3245.15,3285.43,3152.58,3223.7,3393.61739
2021-08-30,3223.09,3348.94,3143.13,3229.57,6778.87791
2021-08-31,3227.66,3472.86,3189.22,3431.01,9091.35205
2021-09-01,3430.01,3841.9,3380.25,3830.19,9040.28681
2021-09-02,3827.23,3837.1,3722.68,3786.62,5063.54104
2021-09-03,3787.9,4028.29,3709.6,3935.97,7180.41232
2021-09-04,3937.83,3970.33,3830.55,3884.82,3598.07367
2021-09-05,3886.26,3985.46,3833.21,3949.61,3147.89291
2021-09-06,3949.6,3971.0,3867.26,3926.52,3105.21816
2021-09-07,3926.59,3946.33,2923.28,3433.62,16893.32577
2021-09-08,3433.78,3558.92,3215.12,3496.11,22598.77715
2021-09-09,3499.04,3567.56,3391.02,3424.41,13634.66107
2021-09-10,3424.41,3513.54,3147.22,3209.6,8168.16588
2021-09-11,3209.29,3347.68,3200.42,3264.79,9425.61513
2021-09-12,3266.36,3473.42,3231.57,3406.37,7284.95941
2021-09-13,3405.25,3429.83,3113.0,3284.55,17468.62755
